epoch,train_loss,valid_loss,dice_multi,time
0,1.7741680145263672,0.5371341109275818,0.22534563655935838,00:32
